GLOBALEVENTID,NumMentions,ActionGeo_Lat,ActionGeo_Long,SQLDATE,ActionGeo_FullName,ActionGeo_Type,AvgTone,SOURCEURL
809854959,154,14.7978,42.9545,20181213,"Hodeida, Al ?udaydah, Yemen",4,-4.2033639451872,https://www.greensboro.com/ap/us_world/yemen-s-warring-sides-agree-on-truce-in-key-port/article_45d0bc7d-e3bc-55ca-90c3-5a9d9332e695.html
808173841,124,59.3333,18.05,20181206,"Stockholm, Stockholm, Sweden",4,-2.29184435400689,https://www.myarklamiss.com/news/the-latest-yemens-warring-sides-agree-on-prisoner-exchange/1642497488
803247446,1541,15.3547,44.2067,20181117,"Sanaa, San‘a', Yemen",4,-5.62526353846134,https://am970theanswer.com/news/politics/un-envoy-warring-parties-in-yemen-agree-to-meet-in-sweden
801275083,160,14.7978,42.9545,20181109,"Hodeida, Al ?udaydah, Yemen",4,-6.69376461895633,https://www.yahoo.com/news/yemen-rebels-battle-slow-loyalist-advance-key-port-102459097.html
801275082,150,14.7978,42.9545,20181109,"Hodeida, Al ?udaydah, Yemen",4,-6.69376461895633,https://www.yahoo.com/news/yemen-rebels-battle-slow-loyalist-advance-key-port-102459097.html
794855054,645,15.5,47.5,20181016,Yemen,1,-6.70693629901964,http://www.themoreheadnews.com/cnhi_network/yemen-headed-for-world-s-worst-famine-in-years-world/article_d3c1d5f6-3731-56ed-aaf1-5f48befc55f9.html
792014919,340,31.95,35.9333,20181004,"Amman, (JO11), Jordan",4,-1.25551351795778,https://www.registercitizen.com/business/technology/article/Aid-groups-now-using-the-same-data-technology-as-13280523.php
789945341,110,15.5,47.5,20180926,Yemen,1,-2.90097521640103,http://www.fao.org/news/story/en/item/1153604/icode/
789626341,270,15.6942,43.6058,20180925,"Hajjah, ?ajjah, Yemen",4,-6.4398763567715,https://www.stamfordadvocate.com/news/medical/article/UN-rushes-aid-to-hunger-stricken-Yemeni-district-13255442.php
787176065,116,37.0594,37.3825,20180915,"Gaziantep, Gaziantep, Turkey",4,-3.86201759622027,http://www.ncnewsonline.com/news/national/defying-dangers-idlib-residents-protest-syria-s-assad/article_8d5e5b23-a866-5725-ab9c-89e6c2aaf669.html
787032862,1168,37.0594,37.3825,20180914,"Gaziantep, Gaziantep, Turkey",4,-4.41202747891332,https://www.news957.com/world/2018/09/14/erdogan-putin-to-meet-as-turkey-seeks-solution-for-idlib/
786998514,120,13.8706,6.74959,20180914,"Dargue, Maradi, Niger",4,-1.37995909013311,http://news.trust.org/item/20180914101135-wygmx
780222632,116,25.0,45.0,20180818,Saudi Arabia,1,-7.61331392725637,http://www.mysuncoast.com/ap/yemeni-official-says-rebels-storm-wfp-warehouse-in-port-city/article_a8c68794-9faa-5a30-acf8-8eed24c597c3.html
780149166,884,25.0,45.0,20180817,Saudi Arabia,1,-7.44746924330815,https://www.seattletimes.com/nation-world/yemeni-official-says-rebels-storm-wfp-warehouse-in-port-city/
777165728,110,39.0194,125.755,20180805,"Pyongyang, P'yongyang-si, North Korea",4,-4.97353169773075,https://www.2lt.com.au/north-korea-alerts-citizens-of-looming-natural-heatwave/
777056045,720,39.0194,125.755,20180804,"Pyongyang, P'yongyang-si, North Korea",4,-4.97629221920312,https://www.jamaicantimes.com/news/257788636/north-korea-alerts-citizens-of-looming-natural-heatwave
777056046,288,39.0194,125.755,20180804,"Pyongyang, P'yongyang-si, North Korea",4,-4.97629221920312,https://www.jamaicantimes.com/news/257788636/north-korea-alerts-citizens-of-looming-natural-heatwave
772477185,234,8.0,-66.0,20180717,Venezuela,1,-1.5748870747863,https://www.washingtonpost.com/world/the_americas/us-pledges-6-million-in-new-aid-for-venezuelan-migrants/2018/07/16/5dac317c-8957-11e8-9d59-dccc2c0cabcf_story.html
767289496,120,33.5,36.3,20180626,"Damascus, Dimashq, Syria",4,-7.18151418274553,https://www.al-monitor.com/pulse/contents/afp/2018/06/syria-conflict-daraa-syria-conflict-daraa.html
764870002,200,14.7978,42.9545,20180617,"Hodeida, Al ?udaydah, Yemen",4,-2.97601709289823,https://www.thenewstribune.com/news/business/article213304694.html
764791683,830,14.7978,42.9545,20180616,"Hodeida, Al ?udaydah, Yemen",4,-3.41877734208855,https://apnews.com/15498ed266c2462e9b2caf4f00f11656
754021816,120,37.0,127.5,20180508,South Korea,1,-2.49105472168603,https://www.msn.com/en-us/news/world/un-food-agency-aims-to-boost-aid-to-north-korea-but-lacks-funds/ar-AAwVKnE
743385066,104,55.7522,37.6156,20180330,"Moscow, Moskva, Russia",4,-6.44676015693025,http://hosted2.ap.org/CAANR/0260ea4c3e85456b80715585ba3c7b5b/Article_2018-03-30-ML-Syria/id-07478465908c485bae170918fdf9627f
743385065,104,33.5,36.3833,20180330,"Ghouta, Dimashq, Syria",4,-6.44676015693025,http://hosted2.ap.org/CAANR/0260ea4c3e85456b80715585ba3c7b5b/Article_2018-03-30-ML-Syria/id-07478465908c485bae170918fdf9627f
743385064,330,33.5,36.3833,20180330,"Ghouta, Dimashq, Syria",4,-6.45993249054988,http://hosted2.ap.org/CAANR/0260ea4c3e85456b80715585ba3c7b5b/Article_2018-03-30-ML-Syria/id-07478465908c485bae170918fdf9627f
743279978,1430,12.4333,30.7,20180330,"Nuba, Shamal Kurdufan, Sudan",4,-2.98612680672202,http://www.bradfordera.com/news/nation/south-sudan-an-unlikely-haven-for-many-sudanese-refugees/article_07e093d8-11c7-5432-aa15-ed32a189aeed.html
741350495,220,6.0,48.0,20180323,Somalia,1,-2.80558553931493,http://news.trust.org/item/20180323135529-xcbmb/
738149106,378,7.89391,-72.5078,20180313,"Cucuta, Departamento de Norte de Santander, Colombia",4,-4.67148018776831,http://abcnews.go.com/International/wireStory/official-warns-humanitarian-catastrophe-venezuela-53696691
738149105,390,7.89391,-72.5078,20180313,"Cucuta, Departamento de Norte de Santander, Colombia",4,-4.68593816895219,http://abcnews.go.com/International/wireStory/official-warns-humanitarian-catastrophe-venezuela-53696691
736125382,202,33.5,36.3833,20180306,"Ghouta, Dimashq, Syria",4,-2.62187230118587,http://kticradio.com/abc_world/besieged-suburb-in-syria-where-un-says-families-desperately-need-help-gets-rare-aid-convoy-abcid36041904/
736125384,156,33.5,36.3,20180306,"Damascus, Dimashq, Syria",4,-1.49217693295762,https://news.hjnews.com/ap/international/un-begins-aid-delivery-to-rebel-held-suburbs-of-damascus/article_cc81aac1-3617-536c-a705-74f73c664e71.html
736065330,312,33.5,36.3,20180305,"Damascus, Dimashq, Syria",4,-1.54394012823773,https://www.newstimes.com/news/world/article/Syrian-army-makes-significant-advances-in-12727867.php
736037624,146,33.5,36.3833,20180305,"Ghouta, Dimashq, Syria",4,-2.42947614824298,http://www.news-gazette.com/news/nationworld/2018-03-05/aid-convoy-enters-rebel-held-damascus-suburbs.html
735322256,360,12.4904,11.4944,20180302,"Dapchi, Yobe, Nigeria",4,-8.76521428387583,https://uk.reuters.com/article/uk-nigeria-security/suspected-boko-haram-militants-kill-11-including-3-aid-workers-in-nigeria-attack-idUKKCN1GE15V
735322255,360,12.4904,11.4944,20180302,"Dapchi, Yobe, Nigeria",4,-8.76521428387583,https://uk.reuters.com/article/uk-nigeria-security/suspected-boko-haram-militants-kill-11-including-3-aid-workers-in-nigeria-attack-idUKKCN1GE15V
733982126,875,8.12193,31.409,20180226,"Ayod, Wilayat Junqoley, South Sudan",4,-6.70018313862954,http://www.journal-news.com/news/world/famine-again-threat-south-sudan-new-report-says/BARh8mDlwzVTxV9rLewDBN/
733066732,290,-1.3649,29.7477,20180222,"Kiziba, Nord, Rwanda",4,-14.2748746383084,http://abcnews.go.com/International/wireStory/congolese-refugees-protest-rwanda-turns-violent-53272973
729647765,280,15.5,47.5,20180210,Yemen,1,-5.4620799173139,http://siouxcityjournal.com/news/national/govt-and-politics/new-cranes-start-unloading-aid-in-yemen-amid-hunger-crisis/article_7834ff81-ee4c-53a8-aef4-8cdea2b098d8.html
729652573,160,25.0,45.0,20180210,Saudi Arabia,1,-5.85744165791125,http://www.tbo.com/ap/national/-new-cranes-start-unloading-aid-in-yemen-amid-hunger-crisis-ap_nationalee81e100d79247a8b002b99ea3255bca
729647764,130,15.5,47.5,20180210,Yemen,1,-5.09426692966002,http://siouxcityjournal.com/news/national/govt-and-politics/new-cranes-start-unloading-aid-in-yemen-amid-hunger-crisis/article_7834ff81-ee4c-53a8-aef4-8cdea2b098d8.html
729628583,470,15.5,47.5,20180209,Yemen,1,-3.97565731367515,https://www.seattletimes.com/nation-world/nation-politics/4-new-cranes-start-unloading-aid-in-yemen-amid-hunger-crisis/
729633976,410,15.5,47.5,20180209,Yemen,1,-4.26380421812291,http://www.centexproud.com/news/politics/4-new-cranes-start-unloading-aid-in-yemen-amid-hunger-crisis/963754796
729113704,368,20.8667,92.5333,20180208,"Buthidaung, Rakhine State, Myanmar",4,-4.89298103342975,https://infotel.ca/newsitem/as-myanmar-food-as-a-weapon/cp1173688403
710556318,355,14.7978,42.9545,20171128,"Hudaydah, Al ?udaydah, Yemen",4,-3.91631107981801,https://news.vice.com/story/vietnam-blogger-jailed-protest
710308120,160,15.3547,44.2067,20171127,"Sanaa, San‘a', Yemen",4,-5.37317668391967,https://www.npr.org/sections/thetwo-way/2017/11/27/566702665/aid-begins-to-filter-back-into-yemen-as-saudi-led-blockade-eases
710125231,130,15.3547,44.2067,20171127,"Sanaa, San‘a', Yemen",4,-2.50026593883893,http://www.abc17news.com/news/national-world/food-arrives-in-yemen-after-weekslong-blockade/662449365
710125230,130,15.3547,44.2067,20171127,"Sanaa, San‘a', Yemen",4,-2.50026593883893,http://www.abc17news.com/news/national-world/food-arrives-in-yemen-after-weekslong-blockade/662449365
710106294,165,15.3547,44.2067,20171126,"Sanaa, San‘a', Yemen",4,-2.49695117023798,https://www.click2houston.com/news/international/food-arrives-in-yemen-after-weekslong-blockade
710106295,165,15.3547,44.2067,20171126,"Sanaa, San‘a', Yemen",4,-2.49695117023798,https://www.click2houston.com/news/international/food-arrives-in-yemen-after-weekslong-blockade
709634145,250,15.3056,42.6707,20171124,"Salif, Al ?udaydah, Yemen",4,-1.71887213392856,http://www.dailymail.co.uk/wires/reuters/article-5114055/Aid-workers-return-Yemen-weekend-no-aid--UN.html
707447499,150,24.6408,46.7728,20171116,"Riyadh, Ar Riya?, Saudi Arabia",4,-8.88678239205514,http://www.chron.com/news/world/article/Save-the-Children-says-130-children-die-every-day-12361907.php
707525354,470,24.6408,46.7728,20171116,"Riyadh, Ar Riya?, Saudi Arabia",4,-6.88166909776286,http://www.fox34.com/story/36858223/save-the-children-says-130-children-die-every-day-in-yemen
707447501,230,15.3547,44.2067,20171116,"Sanaa, San‘a', Yemen",4,-9.30435746357882,http://www.dailyjournal.net/2017/11/16/ml-yemen-8/
704496308,133,24.6408,46.7728,20171107,"Riyadh, Ar Riya?, Saudi Arabia",4,-4.31852045725343,http://hosted2.ap.org/CAANR/0260ea4c3e85456b80715585ba3c7b5b/Article_2017-11-06-ML--Yemen-The%20Latest/id-dd18ab6829884581aeac67a11120845e
696472940,264,36.0,138.0,20171010,Japan,1,-3.21637426900585,http://english.wafa.ps/page.aspx?id=5ObZWDa92102089563a5ObZWD
696472941,396,36.0,138.0,20171010,Japan,1,-3.21637426900585,http://english.wafa.ps/page.aspx?id=5ObZWDa92102089563a5ObZWD
696326033,324,36.0,138.0,20171009,Japan,1,-3.21637426900585,http://english.wafa.ps/page.aspx?id=PxwGeFa92102089563aPxwGeF
696326034,486,36.0,138.0,20171009,Japan,1,-3.21637426900585,http://english.wafa.ps/page.aspx?id=PxwGeFa92102089563aPxwGeF
694245898,285,21.219,92.1643,20171001,"Kutupalong, Chittagong, Bangladesh",4,-2.92825644143493,http://www.tbo.com/ap/world/head-of-un-food-agency-says-world-must-step-up-rohingya-aid-ap_world784f975dc1b54b32bb95c8425d80aee5
693996168,250,20.8624,92.3058,20170930,"Teknaf, Chittagong, Bangladesh",4,-4.53573517544899,https://onenewsnow.com/ap/world/myanmar-refugee-exodus-tops-500k-as-more-rohingya-flee
693996169,250,20.8624,92.3058,20170930,"Teknaf, Chittagong, Bangladesh",4,-4.53573517544899,https://onenewsnow.com/ap/world/myanmar-refugee-exodus-tops-500k-as-more-rohingya-flee
693892323,501,20.8624,92.3058,20170929,"Teknaf, Chittagong, Bangladesh",4,-4.56634413533704,http://www.dailymail.co.uk/wires/ap/article-4934304/Myanmar-refugee-exodus-tops-500-000-Rohingya-flee.html
693892324,501,20.8624,92.3058,20170929,"Teknaf, Chittagong, Bangladesh",4,-4.56634413533704,http://www.dailymail.co.uk/wires/ap/article-4934304/Myanmar-refugee-exodus-tops-500-000-Rohingya-flee.html
692969060,139,4.84597,31.6012,20170926,"Juba, Wilayat Bahr al Jabal, South Sudan",4,-2.89346752460912,https://reliefweb.int/report/south-sudan/david-shearer-special-representative-south-sudan-and-head-united-nations-mission
692065919,404,14.7978,42.9545,20170923,"Hodeida, Al ?udaydah, Yemen",4,-5.36748134020476,http://www.dailyastorian.com/the-latest-somali-pm-tells-un-nation-is-seeing-a-new-dawn-da-ap-webfeeds-news-nation-world01420a830cf34daa9ed4e8b7caea677e
691985868,142,23.1319,-82.3642,20170922,"Havana, Ciudad de La Habana, Cuba",4,-4.3276084492899,http://www.greensboro.com/ap/us_world/the-latest-cuban-says-still-no-clue-on-envoy-health/article_efe1b0f2-02e8-52f2-8b67-26e6c196b3b5.html
691974692,796,14.7978,42.9545,20170922,"Hodeida, Al ?udaydah, Yemen",4,-4.40913425561521,http://www.wsoctv.com/news/world/the-latest-un-official-says-7-million-yemenis-get-food-aid/613156821
691472525,1182,39.0194,125.755,20170921,"Pyongyang, P'yongyang-si, North Korea",4,0.318807971166444,https://www.washingtonpost.com/world/asia_pacific/seoul-to-resume-humanitarian-aid-to-nkorea-doesnt-set-date/2017/09/20/484fbf3a-9e78-11e7-b2a7-bc70b6f98089_story.html
689049025,309,24.0,54.0,20170913,United Arab Emirates,1,-6.97567371061124,http://news-sentinel.com/news/us-and-world/the-latest-muslim-body-urges-myanmar-to-let-in-un-monitors_20170912&profile=1029
688947785,105,24.0,54.0,20170912,United Arab Emirates,1,-7.03826850730665,http://hosted.ap.org/dynamic/stories/A/AS_MYANMAR_ATTACKS_THE_LATEST?SITE=AP&SECTION=HOME&TEMPLATE=DEFAULT&CTIME=2017-09-12-14-43-59
686700468,103,21.219,92.1643,20170829,"Kutupalong, Chittagong, Bangladesh",4,-7.70106699081957,http://hosted.ap.org/dynamic/stories/A/AS_MYANMAR_ATTACKS?SITE=AP&SECTION=HOME&TEMPLATE=DEFAULT&CTIME=2017-09-04-20-49-43
686709530,188,28.6,77.2,20170829,"New Delhi, Delhi, India",4,-7.9764943290241,http://www.santafenewmexican.com/news/myanmar-s-muslims-seek-bangladesh-hospital-aid/article_179b0be4-dbeb-5b60-b7cc-97c727491aa6.html
686709532,176,28.6,77.2,20170829,"New Delhi, Delhi, India",4,-7.97422114681011,http://www.santafenewmexican.com/news/myanmar-s-muslims-seek-bangladesh-hospital-aid/article_179b0be4-dbeb-5b60-b7cc-97c727491aa6.html
686540401,268,28.6,77.2,20170828,"New Delhi, Delhi, India",4,-7.30082246391471,https://www.washingtonpost.com/world/asia_pacific/dozens-of-rohingya-refugees-with-bullet-wounds-in-bangladesh/2017/09/04/441dd80e-914c-11e7-8482-8dc9a7af29f9_story.html
686540403,252,28.6,77.2,20170828,"New Delhi, Delhi, India",4,-7.26866074435655,https://www.washingtonpost.com/world/asia_pacific/dozens-of-rohingya-refugees-with-bullet-wounds-in-bangladesh/2017/09/04/441dd80e-914c-11e7-8482-8dc9a7af29f9_story.html
683826361,410,23.7231,90.4086,20170824,"Dhaka, Dhaka, Bangladesh",4,-8.50672763764352,https://www.washingtonpost.com/world/asia_pacific/at-least-950-killed-in-south-asias-annual-monsoon-floods/2017/08/24/47efdb68-88ae-11e7-96a7-d178cf3524eb_story.html
681894278,1520,16.0,30.0,20170817,Sudan,1,-7.25232874975126,http://www.sfchronicle.com/news/world/article/1-million-South-Sudan-refugees-now-in-Uganda-UN-11825178.php
679094843,130,15.0,48.0,20170806,Yemen,1,-4.99325239734873,http://www.thesundaily.my/news/2017/08/06/saudis-pledge-us337m-un-battle-cholera-yemen
676113473,165,25.0,45.0,20170726,Saudi Arabia,1,-6.65680044974888,http://www.dailymail.co.uk/wires/afp/article-4731508/80-Yemen-children-need-immediate-aid-UN.html
676113474,170,32.0,53.0,20170726,Iran,1,-6.86246520056452,http://www.dailymail.co.uk/wires/afp/article-4731508/80-Yemen-children-need-immediate-aid-UN.html
672773344,152,10.0,8.0,20170713,Nigeria,1,-11.736691088704,http://hosted.ap.org/dynamic/stories/A/AF_CAMEROON_SUICIDE_ATTACK?SITE=AP&SECTION=HOME&TEMPLATE=DEFAULT&CTIME=2017-07-13-08-19-06
672773347,264,10.0,8.0,20170713,Nigeria,1,-12.0086657579153,http://hosted.ap.org/dynamic/stories/A/AF_CAMEROON_SUICIDE_ATTACK?SITE=AP&SECTION=HOME&TEMPLATE=DEFAULT&CTIME=2017-07-13-08-19-06
672773346,228,10.0,8.0,20170713,Nigeria,1,-11.736691088704,http://hosted.ap.org/dynamic/stories/A/AF_CAMEROON_SUICIDE_ATTACK?SITE=AP&SECTION=HOME&TEMPLATE=DEFAULT&CTIME=2017-07-13-08-19-06
672773345,176,10.0,8.0,20170713,Nigeria,1,-12.0086657579153,http://hosted.ap.org/dynamic/stories/A/AF_CAMEROON_SUICIDE_ATTACK?SITE=AP&SECTION=HOME&TEMPLATE=DEFAULT&CTIME=2017-07-13-08-19-06
672509983,110,35.95,39.0167,20170712,"Raqqa, Ar Raqqah, Syria",4,-3.24304679711476,http://www.metronews.ca/news/world/2017/07/12/the-latest-un-food-agency-gains-new-access-to-syria-s-raqqa.html
667222410,1250,33.8333,35.8333,20170622,Lebanon,1,-1.51666245532372,http://iowapublicradio.org/post/humanitarian-aid-broken-says-former-un-official
667463081,330,1.0,32.0,20170622,Uganda,1,-6.16072125985074,http://abcnews.go.com/International/wireStory/chief-seeks-billion-south-sudan-refugee-crisis-48231024
667463080,970,0.315556,32.5656,20170622,"Kampala, Kampala, Uganda",4,-6.33397264822645,http://www.houstonchronicle.com/news/world/article/UN-chief-seeks-8-billion-for-South-Sudan-refugee-11241607.php
666799489,263,46.1956,6.14811,20170621,"Geneva, Genè, Switzerland",4,-6.9757622665396,http://www.wbrc.com/story/35712885/south-sudan-no-longer-in-famine-but-situation-is-critical
660500222,200,33.3386,44.3939,20170531,"Baghdad, Baghdad, Iraq",4,-7.08583921866922,https://www.nst.com.my/world/2017/05/244293/three-suicide-blasts-send-iraq-death-toll-42
660500221,200,33.3386,44.3939,20170531,"Baghdad, Baghdad, Iraq",4,-7.08583921866922,https://www.nst.com.my/world/2017/05/244293/three-suicide-blasts-send-iraq-death-toll-42
656892140,130,13.3285,14.1217,20170518,"Lake Chad, Nigeria (general), Nigeria",4,-6.8718376814947,http://www.dailymail.co.uk/wires/afp/article-4519900/Boko-Haram-traps-starving-people-Nigeria-UN-warns.html
646793693,850,8.33333,26.0,20170414,"Fertit, Wilayat Gharb Bahr al Ghazal, South Sudan",4,-9.83887054319194,http://hosted2.ap.org/CAANR/0260ea4c3e85456b80715585ba3c7b5b/Article_2017-04-14-AF--South%20Sudan-UN%20Workers%20Killed/id-b78f5a18c48e46c1bafd44e0ef04ac20
646793692,830,8.33333,26.0,20170414,"Fertit, Wilayat Gharb Bahr al Ghazal, South Sudan",4,-9.85989111998607,http://hosted2.ap.org/CAANR/0260ea4c3e85456b80715585ba3c7b5b/Article_2017-04-14-AF--South%20Sudan-UN%20Workers%20Killed/id-b78f5a18c48e46c1bafd44e0ef04ac20
642394404,145,10.0,49.0,20170331,Somalia,1,-2.15254738974455,http://myfox8.com/2017/03/31/scientists-successfully-grow-a-potato-in-mars-like-conditions-tmwsp/
641356386,469,38.8951,-77.0364,20170329,"Washington, District of Columbia, United States",3,-5.62351396291502,http://onlineathens.com/national-news/2017-03-28/worst-humanitarian-crisis-hits-trump-slashes-foreign-aid
641112054,2385,38.0,-97.0,20170328,United States,1,-6.13103483253636,http://www.brandonsun.com/world/breaking-news/worst-humanitarian-crisis-hits-as-trump-slashes-foreign-aid-417267813.html
641203258,312,36.154,-95.9928,20170328,"Tulsa, Oklahoma, United States",3,-4.50814377335549,http://journalstar.com/now/today/your-daily-three-burglars-gunned-down-famine-fears-worsen-and/collection_58e79f16-7730-5051-a82f-1359ccb3fdbd.html
641143313,753,38.8951,-77.0364,20170328,"Washington, District of Columbia, United States",3,-5.63072350044379,http://www.fox19.com/story/35010636/worst-humanitarian-crisis-hits-as-trump-slashes-foreign-aid
637795051,690,38.0,-97.0,20170317,United States,1,-2.75248667212158,http://ktar.com/story/1495097/south-sudan-feels-the-chill-as-trumps-foreign-aid-cuts-loom/
637795049,440,1.0,32.0,20170317,Uganda,1,-2.72969302325875,http://ktar.com/story/1495097/south-sudan-feels-the-chill-as-trumps-foreign-aid-cuts-loom/
637795048,736,15.0,30.0,20170317,Sudan,1,-2.74178510299278,http://ktar.com/story/1495097/south-sudan-feels-the-chill-as-trumps-foreign-aid-cuts-loom/
628106274,300,15.0,48.0,20170216,Yemen,1,-5.22957581428268,http://www.channelnewsasia.com/news/world/four-famines-mean-20-million-may-starve-in-the-next-six-months/3524534.html
628106276,210,1.0,38.0,20170216,Kenya,1,-5.28076728723678,http://www.channelnewsasia.com/news/world/four-famines-mean-20-million-may-starve-in-the-next-six-months/3524534.html
625313653,150,,,20170208,,0,-3.84615384615385,http://www.brecorder.com/2011/09/12/27456/336601
616617304,105,50.8333,4.33333,20170113,"Brussels, Bruxelles-Capitale, Belgium",4,-2.57879656160458,http://english.wafa.ps/page.aspx?id=h14rGwa52073261889ah14rGw
616617305,350,31.4167,34.3333,20170113,"Gaza, Israel (general), Israel",4,-2.57879656160458,http://english.wafa.ps/page.aspx?id=h14rGwa52073261889ah14rGw
616383649,198,50.8333,4.33333,20170112,"Brussels, Bruxelles-Capitale, Belgium",4,-2.57947412244578,http://english.wafa.ps/page.aspx?id=WV5PGUa52073261889aWV5PGU
616383650,660,31.4167,34.3333,20170112,"Gaza, Israel (general), Israel",4,-2.57947412244578,http://english.wafa.ps/page.aspx?id=WV5PGUa52073261889aWV5PGU
604906655,165,38.8951,-77.0364,20161203,"Washington, District of Columbia, United States",3,-8.48845305028131,https://www.yahoo.com/news/us-warns-crackdown-myanmar-could-radicalize-rohingya-081917381.html
604906657,330,38.8951,-77.0364,20161203,"Washington, District of Columbia, United States",3,-8.48845305028131,https://www.yahoo.com/news/us-warns-crackdown-myanmar-could-radicalize-rohingya-081917381.html
604906659,160,38.8951,-77.0364,20161203,"Washington, District of Columbia, United States",3,-8.490396266343,https://www.yahoo.com/news/us-warns-crackdown-myanmar-could-radicalize-rohingya-081917381.html
604212970,520,39.0194,125.755,20161201,"Pyongyang, P'yongyang-si, North Korea",4,-3.87313729829305,http://www.cnbc.com/2016/12/01/reuters-america-update-3-un-slaps-new-sanctions-on-north-korea-to-slash-cash-from-exports.html
604212971,520,39.0194,125.755,20161201,"Pyongyang, P'yongyang-si, North Korea",4,-3.87313729829305,http://www.cnbc.com/2016/12/01/reuters-america-update-3-un-slaps-new-sanctions-on-north-korea-to-slash-cash-from-exports.html
603012426,120,38.0,-97.0,20161127,United States,1,-3.69122982761255,http://reliefweb.int/country/mrt?country=254
603012411,105,8.0,38.0,20161127,Ethiopia,1,-2.82115654135537,http://reliefweb.int/country/mrt?country=257
602051631,110,33.0,65.0,20161124,Afghanistan,1,-3.68475180426812,http://www.aninews.in/newsdetail-NA/Mjg4NTkx/u-s-to-provide-usd-39-million-assistance-for-refugees-returning-to-afghanistan.html
600357394,700,19.0,-72.4167,20161118,Haiti,1,-0.489860179916226,http://www.timescolonist.com/canada-announces-54-million-for-disaster-relief-and-long-term-aid-in-haiti-1.2905303
598999994,131,36.3574,43.2478,20161115,"Gogjali, NinawáZ, Iraq",4,-5.80783241118207,http://mainichi.jp/english/articles/20161115/p2g/00m/0in/010000c
598999993,131,36.3574,43.2478,20161115,"Gogjali, NinawáZ, Iraq",4,-5.80783241118207,http://mainichi.jp/english/articles/20161115/p2g/00m/0in/010000c
598928721,312,36.3574,43.2478,20161114,"Gogjali, NinawáZ, Iraq",4,-5.99621147432551,http://www.chron.com/news/us/article/UN-More-than-54-000-displaced-in-Mosul-operation-10613321.php
598928725,312,36.3574,43.2478,20161114,"Gogjali, NinawáZ, Iraq",4,-5.99621147432551,http://www.chron.com/news/us/article/UN-More-than-54-000-displaced-in-Mosul-operation-10613321.php
598928720,312,36.3574,43.2478,20161114,"Gogjali, NinawáZ, Iraq",4,-5.99621147432551,http://www.chron.com/news/us/article/UN-More-than-54-000-displaced-in-Mosul-operation-10613321.php
598928723,468,36.3574,43.2478,20161114,"Gogjali, NinawáZ, Iraq",4,-5.99621147432551,http://www.chron.com/news/us/article/UN-More-than-54-000-displaced-in-Mosul-operation-10613321.php
598928724,468,36.3574,43.2478,20161114,"Gogjali, NinawáZ, Iraq",4,-5.99621147432551,http://www.chron.com/news/us/article/UN-More-than-54-000-displaced-in-Mosul-operation-10613321.php
596216319,245,18.1833,-74.0,20161106,"Roche-A-Bateaux, Sud, Haiti",4,-1.65496811880815,http://www.9news.com.au/sitecore/content/news/news/world/2016/11/06/05/14/haiti-residents-in-desperate-need-of-aid-a-month-on-from-hurricane-matthew
596216320,245,18.1833,-74.0,20161106,"Roche-A-Bateaux, Sud, Haiti",4,-1.65496811880815,http://www.9news.com.au/sitecore/content/news/news/world/2016/11/06/05/14/haiti-residents-in-desperate-need-of-aid-a-month-on-from-hurricane-matthew
593952519,110,9.7064,123.4,20161029,"Cagayan, Cebu, Philippines",4,0.40650406504065,http://m.philstar.com/nation/show/771fa961679725e65d42ad795dfe5455
600601478,580,15.3547,44.2067,20161020,"Sanaa, San‘a', Yemen",4,-3.47338829874044,http://www.cnn.com/2016/11/19/middleeast/yemen-saudi-ceasefire/
573844207,160,3.37786,31.7909,20160829,"Adjumani, Adjumani District, Uganda",4,-9.25152599639927,http://www.seattletimes.com/nation-world/hunger-grips-thousands-of-new-south-sudan-refugees-in-uganda/
573844208,160,3.37786,31.7909,20160829,"Adjumani, Adjumani District, Uganda",4,-9.25152599639927,http://www.seattletimes.com/nation-world/hunger-grips-thousands-of-new-south-sudan-refugees-in-uganda/
573849250,196,8.0,30.0,20160829,South Sudan,1,-6.83775725008768,http://www.nytimes.com/aponline/2016/08/29/world/africa/ap-af-south-sudan-refugees.html
573849246,162,8.0,30.0,20160829,South Sudan,1,-6.86047005804942,http://www.nytimes.com/aponline/2016/08/29/world/africa/ap-af-south-sudan-refugees.html
573849249,808,3.35386,31.9923,20160829,"Pagirinya, Adjumani District, Uganda",4,-6.84549144302282,http://www.nytimes.com/aponline/2016/08/29/world/africa/ap-af-south-sudan-refugees.html
573849245,842,3.35386,31.9923,20160829,"Pagirinya, Adjumani District, Uganda",4,-6.84549144302282,http://www.nytimes.com/aponline/2016/08/29/world/africa/ap-af-south-sudan-refugees.html
571194061,493,60.0,100.0,20160821,Russia,1,-7.96650728218323,http://www.themercury.com.au/news/world/syrian-boys-brother-succumbs-to-injuries/news-story/7f2f3fb786bbfcd40d87a91f95542da3?nk=91f63c35f5ba41661d47f58b100aed6a-1471737689
571156873,354,60.0,100.0,20160820,Russia,1,-8.1309610572449,http://news.trust.org/item/20160820181929-dz1hq
566492383,567,31.95,35.9333,20160804,"Amman, (JO11), Jordan",4,-3.45973125164405,http://hosted2.ap.org/APDEFAULT/cae69a7523db45408eeb2b3a98c0c9c5/Article_2016-08-04-ML--Jordan-Stranded%20Syrians/id-c4d5bf03cc4c411da2e845154a9da78a
561721544,250,14.7367,-17.6339,20160720,"Dakar, Dakar, Senegal",4,-1.15361181145459,http://www.reuters.com/article/us-westafrica-food-idUSKCN10018R
563922006,110,6.0,12.0,20160720,Cameroon,1,-6.17167175099777,http://uk.reuters.com/article/uk-nigeria-security-msf-idUKKCN1071A7
559480194,580,4.84597,31.6012,20160713,"Juba, Wilayat Bahr al Jabal, South Sudan",4,-5.7678211756602,http://www.malaysiasun.com/index.php/sid/245798013
559480193,580,4.84597,31.6012,20160713,"Juba, Wilayat Bahr al Jabal, South Sudan",4,-5.7678211756602,http://www.malaysiasun.com/index.php/sid/245798013
554387811,124,33.3558,43.7861,20160627,"Falluja, Al Anbar, Iraq",4,-6.15510934985416,http://news.trust.org/item/20160627162904-f5wnz
552846272,380,15.3547,44.2067,20160622,"Sanaa, San‘a', Yemen",4,-6.80681377921648,http://www.timesunion.com/news/article/UN-Shortfalls-will-disrupt-already-limited-Yemen-8317813.php
549796507,215,,,20160613,,0,-9.20248884270561,http://hosted.ap.org/dynamic/stories/E/EU_REL_VATICAN_POPE_WFP?SITE=AP&SECTION=HOME&TEMPLATE=DEFAULT&CTIME=2016-06-13-06-07-49
549124169,720,46.1956,6.14811,20160610,"Geneva, Genè, Switzerland",4,-3.24345484678938,http://hosted2.ap.org/CAANR/0260ea4c3e85456b80715585ba3c7b5b/Article_2016-06-10-ML-Syria/id-c75df4768cd7458184eacb1c43a187dd
549028400,1200,33.5,36.3,20160610,"Damascus, Dimashq, Syria",4,-3.2198664943364,http://www.startribune.com/after-years-of-siege-first-food-aid-reaches-syria-s-daraya/382452351/
546408101,132,33.3558,43.7861,20160602,"Fallujah, Al Anbar, Iraq",4,-4.88979735984646,https://www.rt.com/news/345133-iraq-fallujah-offensive-delayed-civilians/
531026516,150,35.75,51.5148,20160416,"Tehran, Tehran, Iran",4,-4.50415298895129,http://cnsnews.com/news/article/un-envoy-says-peace-yemen-has-never-been-so-close
530108442,254,-20.0,30.0,20160413,Zimbabwe,1,-7.78285068888375,http://www.dailymail.co.uk/wires/afp/article-3537441/Malawi-president-declares-national-disaster-drought.html
530156794,130,-29.0,24.0,20160413,South Africa,1,-6.97125015444099,https://in.news.yahoo.com/malawi-mozambique-issue-drought-alerts-112229457.html
528345394,419,15.0,30.0,20160407,Sudan,1,-4.2946322651767,http://www.seattletimes.com/nation-world/south-sudan-rebels-take-up-designated-positions-in-juba/
518080924,114,35.0,38.0,20160305,Syria,1,-5.5641724137312,http://www.theet.com/web_exclusive/headlines/the-latest-migrant-trafficker-sentenced-in-serbia/article_791b9b06-f7dd-5d3c-9c1b-ab5c4434e331.html
518080926,114,35.0,38.0,20160305,Syria,1,-5.5641724137312,http://www.theet.com/web_exclusive/headlines/the-latest-migrant-trafficker-sentenced-in-serbia/article_791b9b06-f7dd-5d3c-9c1b-ab5c4434e331.html
518080922,148,35.0,38.0,20160305,Syria,1,-5.5641724137312,http://www.theet.com/web_exclusive/headlines/the-latest-migrant-trafficker-sentenced-in-serbia/article_791b9b06-f7dd-5d3c-9c1b-ab5c4434e331.html
518080923,148,35.0,38.0,20160305,Syria,1,-5.5641724137312,http://www.theet.com/web_exclusive/headlines/the-latest-migrant-trafficker-sentenced-in-serbia/article_791b9b06-f7dd-5d3c-9c1b-ab5c4434e331.html
518080920,117,35.0,38.0,20160305,Syria,1,-5.44589231372974,http://www.theet.com/web_exclusive/headlines/the-latest-migrant-trafficker-sentenced-in-serbia/article_791b9b06-f7dd-5d3c-9c1b-ab5c4434e331.html
518080919,114,35.0,38.0,20160305,Syria,1,-5.5641724137312,http://www.theet.com/web_exclusive/headlines/the-latest-migrant-trafficker-sentenced-in-serbia/article_791b9b06-f7dd-5d3c-9c1b-ab5c4434e331.html
518080918,114,35.0,38.0,20160305,Syria,1,-5.5641724137312,http://www.theet.com/web_exclusive/headlines/the-latest-migrant-trafficker-sentenced-in-serbia/article_791b9b06-f7dd-5d3c-9c1b-ab5c4434e331.html
518080921,148,35.0,38.0,20160305,Syria,1,-5.5641724137312,http://www.theet.com/web_exclusive/headlines/the-latest-migrant-trafficker-sentenced-in-serbia/article_791b9b06-f7dd-5d3c-9c1b-ab5c4434e331.html
518080925,114,35.0,38.0,20160305,Syria,1,-5.5641724137312,http://www.theet.com/web_exclusive/headlines/the-latest-migrant-trafficker-sentenced-in-serbia/article_791b9b06-f7dd-5d3c-9c1b-ab5c4434e331.html
517915058,885,35.0,38.0,20160304,Syria,1,-5.8634661080072,http://www.tcpalm.com/news/371030161.xhtml
517915053,885,35.0,38.0,20160304,Syria,1,-5.8634661080072,http://www.tcpalm.com/news/371030161.xhtml
517915060,885,35.0,38.0,20160304,Syria,1,-5.8634661080072,http://www.tcpalm.com/news/371030161.xhtml
517915054,1120,35.0,38.0,20160304,Syria,1,-5.8634661080072,http://www.tcpalm.com/news/371030161.xhtml
517915057,1120,35.0,38.0,20160304,Syria,1,-5.8634661080072,http://www.tcpalm.com/news/371030161.xhtml
517915059,129,54.0,-2.0,20160304,United Kingdom,1,-6.23296170646019,http://www.tcpalm.com/news/371030161.xhtml
517915052,834,35.0,38.0,20160304,Syria,1,-5.84182252829696,http://www.tcpalm.com/news/371030161.xhtml
517918969,942,35.0,38.0,20160304,Syria,1,-5.81791611581787,http://www.heraldonline.com/news/nation-world/world/article63981992.html
517931317,750,35.0,38.0,20160304,Syria,1,-5.83942513130389,http://hosted2.ap.org/CAANR/0260ea4c3e85456b80715585ba3c7b5b/Article_2016-03-04-EU-Europe-Migrants-The-Latest/id-941debf314f8452db7fd3dcf77cca449
517915051,885,35.0,38.0,20160304,Syria,1,-5.8634661080072,http://www.tcpalm.com/news/371030161.xhtml
515523783,440,33.5,36.299999237060547,20160226,"Damascus, Dimashq, Syria",4,-3.5766181945800781,http://www.wsbradio.com/ap/ap/top-news/ap-interview-syrias-need-for-humanitarian-help-ris/nqYCw/
515523782,330,33.5,36.299999237060547,20160226,"Damascus, Dimashq, Syria",4,-3.5766181945800781,http://www.wsbradio.com/ap/ap/top-news/ap-interview-syrias-need-for-humanitarian-help-ris/nqYCw/
515523781,330,33.5,36.299999237060547,20160226,"Damascus, Dimashq, Syria",4,-3.5766181945800781,http://www.wsbradio.com/ap/ap/top-news/ap-interview-syrias-need-for-humanitarian-help-ris/nqYCw/
510043403,104,36.586601257324219,37.046298980712891,20160209,"Azaz, ?alab, Syria",4,-4.7697734832763672,http://news.yahoo.com/un-urges-turkey-open-border-warns-aleppo-could-133642914.html
504577237,1676,33.5,36.3,20160122,"Damascus, Dimashq, Syria",4,-1.45611794300484,http://www.grahamleader.com/nationalnews/ci_29417054/aid-airdrops-syrias-besieged-are-called-too-dangerous
504499462,174,33.6903,36.1035,20160122,"Madaya, Rif Dimashq, Syria",4,-2.006488228499,http://www.hawaiinewsnow.com/story/31019207/the-latest-biden-meets-argentine-rivals-in-davos-diplomacy
504418748,149,33.6903,36.1035,20160121,"Madaya, Rif Dimashq, Syria",4,-2.14703169508938,http://mynorthwest.com/17/2897000/The-Latest-British-Argentinian-leaders-discuss-Falklands
504446025,435,33.6903,36.1035,20160121,"Madaya, Rif Dimashq, Syria",4,-1.93043518666326,http://hosted2.ap.org/CAANR/0260ea4c3e85456b80715585ba3c7b5b/Article_2016-01-21-Davos-The-Latest/id-9b3292edf5b14cebb33a2c7d1387e301
502377294,350,42.1497,-74.9384,20160115,"New York, United States",2,-5.56516663407648,http://www.theet.com/web_exclusive/headlines/second-aid-batch-enters-besieged-syrian-communities/article_e886b124-ad20-5d45-9e5e-a1f13fc8c9f4.html
502235256,420,33.6903,36.1035,20160114,"Madaya, Rif Dimashq, Syria",4,-3.76077431330542,http://hosted2.ap.org/CAANR/0260ea4c3e85456b80715585ba3c7b5b/Article_2016-01-14-ML-Syria/id-69deb25ed88f4ec3a294136e23457469
502177270,407,33.6903,36.1035,20160114,"Madaya, Rif Dimashq, Syria",4,-3.69455275121507,http://hosted2.ap.org/CAANR/0260ea4c3e85456b80715585ba3c7b5b/Article_2016-01-14-ML--Syria/id-21d92fb8685c4cbfb233b52ad6ad8c62
502177269,124,33.5,36.3,20160114,"Damascus, Dimashq, Syria",4,-2.32968010954534,http://www.theindependent.com/news/world/second-aid-convoy-departs-for-besieged-syrian-communities/article_b865791b-8435-5958-bb8e-d384a8f10701.html
502282980,470,42.1497,-74.9384,20160114,"New York, United States",2,-5.56301086360945,http://mynorthwest.com/17/2891969/UN-chief-says-deliberate-starvation-in-Syria-is-a-war-crime
501332412,312,33.6903,36.1035,20160112,"Madaya, Rif Dimashq, Syria",4,-3.49909864779903,http://www.brownsvilleherald.com/news/us_world/article_1885aabe-8a5e-53c6-9b12-2604493b6561.html
501332413,153,33.6903,36.1035,20160112,"Madaya, Rif Dimashq, Syria",4,-3.802012024704,http://www.brownsvilleherald.com/news/us_world/article_1885aabe-8a5e-53c6-9b12-2604493b6561.html
501332414,750,33.6903,36.1035,20160112,"Madaya, Rif Dimashq, Syria",4,-3.7783594557369,http://www.brownsvilleherald.com/news/us_world/article_1885aabe-8a5e-53c6-9b12-2604493b6561.html
501100477,934,33.6903,36.1035,20160111,"Madaya, Rif Dimashq, Syria",4,-3.23295447951668,http://www.ibtimes.co.in/un-aid-convoy-reach-besieged-syrian-city-where-people-are-eating-grass-pets-662724
501165767,161,33.8719,35.5097,20160111,"Beirut, Beyrouth, Lebanon",4,-2.56714395231143,http://www.nytimes.com/aponline/2016/01/11/world/middleeast/ap-ml-syria.html
501165764,505,33.6903,36.1035,20160111,"Madaya, Rif Dimashq, Syria",4,-3.20274548847256,http://www.nytimes.com/aponline/2016/01/11/world/middleeast/ap-ml-syria.html
501168300,135,33.6903,36.1035,20160111,"Madaya, Rif Dimashq, Syria",4,-3.31660343380451,http://www.greenfieldreporter.com/view/story/67e0034e933c41ee957938a3c36d2bf1/ML--Syria
500753621,159,33.6903,36.1035,20160109,"Madaya, Rif Dimashq, Syria",4,-4.45588035032929,http://www.kcci.com/national/amnesty-syria-starvation-goes-beyond-madaya/37349536
500315512,640,33.6903,36.1035,20160108,"Madaya, Rif Dimashq, Syria",4,-4.70605411537436,http://www.thefrontierpost.com/article/366770/syria-allows-aid-to-reach-starving-city/
500224198,110,33.6903,36.1035,20160107,"Madaya, Rif Dimashq, Syria",4,-4.77357812070397,http://www.kpax.com/story/30909280/madaya-syria-allows-aid-to-reach-city-facing-starvation-says-un
492273021,200,15.0,19.0,20151208,Chad,1,-9.03058701666291,http://www.startribune.com/extremist-attacks-displace-thousands-from-chad-islands/360924111/
490522382,260,36.0,138.0,20151202,Japan,1,1.6330358176008,http://www.krcrtv.com/news/politics/former-clinton-official-sandy-berger-dies/36755614
484870643,420,-33.8833,151.217,20151114,"Sydney, New South Wales, Australia",4,-4.62724935732647,http://www.batemansbaypost.com.au/story/3492422/wars-climate-change-funding-cuts-world-food-program-battles-to-give-hope/
479464084,180,,,20151027,,0,3.33333333333333,http://www.orissadiary.com/CurrentNews.asp?id=62440
479464085,180,,,20151027,,0,3.33333333333333,http://www.orissadiary.com/CurrentNews.asp?id=62440
477798182,128,51.5,-0.116667,20151020,"London, London, City of, United Kingdom",4,-2.81473847110249,http://www.wdsu.com/national/disbelief-after-woman-found-hanged-in-airport/35939984
477798184,220,51.5,-0.116667,20151020,"London, London, City of, United Kingdom",4,-2.7101049529256,http://www.wdsu.com/national/disbelief-after-woman-found-hanged-in-airport/35939984
477798186,223,33.3386,44.3939,20151020,"Baghdad, Baghdad, Iraq",4,-2.82433952294335,http://www.wdsu.com/national/disbelief-after-woman-found-hanged-in-airport/35939984
477798185,192,33.3386,44.3939,20151020,"Baghdad, Baghdad, Iraq",4,-2.81473847110249,http://www.wdsu.com/national/disbelief-after-woman-found-hanged-in-airport/35939984
477798183,198,33.3386,44.3939,20151020,"Baghdad, Baghdad, Iraq",4,-2.81151407298827,http://www.wdsu.com/national/disbelief-after-woman-found-hanged-in-airport/35939984
471500987,265,51.0,9.0,20150930,Germany,1,-5.86928546969596,http://zeenews.india.com/news/world/germany-pledges-100-mln-euros-for-refugees_1804142.html
470587167,190,4.84597,31.6012,20150927,"Juba, Wilayat Bahr al Jabal, South Sudan",4,-3.58877697041911,http://www.philstar.com/world/2015/09/27/1504538/south-sudan-fragile-peace-allows-food-deliveries
470529959,1100,4.84597,31.6012,20150926,"Juba, Wilayat Bahr al Jabal, South Sudan",4,-3.49034848278633,http://wfla.com/ap/in-south-sudan-a-fragile-peace-allows-food-deliveries/
469623555,110,35.0,38.0,20150923,Syria,1,-6.60075379841477,http://www.news.com.au/world/europe/eu-nations-to-give-16bn-to-un-for-refugee-crisis-draft-statement/story-fnh81p7g-1227541269610
466508284,162,48.15,11.5833,20150914,"Munich, Bayern, Germany",4,-4.11171534904489,http://www.gazettetimes.com/news/world/the-latest-germany-to-do-temporary-checks-on-austria-border/article_6ed90c4f-f902-5865-aaa2-ddf7a5c78a2f.html
466504629,156,48.15,11.5833,20150914,"Munich, Bayern, Germany",4,-4.03696618140721,http://www.hawaiinewsnow.com/story/30018405/the-latest-germany-to-do-temporary-checks-on-austria-border
466392590,610,35.0,38.0,20150913,Syria,1,-4.11341918550215,http://www.springfieldnewssun.com/ap/ap/top-news/new-migrant-record-in-hungary-as-strict-border-con/nndfd/
466392588,2654,48.15,11.5833,20150913,"Munich, Bayern, Germany",4,-4.01663104412247,http://mynorthwest.com/17/2809749/The-Latest-Germany-backs-funding-for-Syrian-refugee-camps
466392589,3076,48.15,11.5833,20150913,"Munich, Bayern, Germany",4,-4.15257218282512,http://www.azfamily.com/story/30018405/the-latest-germany-migrants-dont-get-to-choose-country
466200475,110,1.0,38.0,20150912,Kenya,1,-2.73745188429031,http://www.couriermail.com.au/news/world/australian-immigration-officials-have-arrived-in-the-middle-east-to-begin-resettling-12000-syrian-refugees/story-fnihsmjt-1227524365950?nk=a861d11d5df19de2d99275375fea9ba6-1442061168
466178995,242,32.6189,36.1021,20150912,"Deraa, Dar‘a, Syria",4,-4.30937250258271,http://www.trust.org/item/20150912095746-ra2kj
466200476,110,1.0,38.0,20150912,Kenya,1,-2.73745188429031,http://www.couriermail.com.au/news/world/australian-immigration-officials-have-arrived-in-the-middle-east-to-begin-resettling-12000-syrian-refugees/story-fnihsmjt-1227524365950?nk=a861d11d5df19de2d99275375fea9ba6-1442061168
459148153,118,15.3547,44.2067,20150819,"Sanaa, San‘a', Yemen",4,-7.50357822605506,http://www.roanoke.com/news/wire_headlines/un-says-yemen-on-edge-of-famine-from-conflict-blocked/article_04042d1b-d9be-5bc8-af1c-382d9bdae0e6.html
456801091,111,35.0,38.0,20150811,Syria,1,-3.54052757193058,http://www.chron.com/news/world/article/AP-Interview-UN-food-aid-chief-says-Syria-6436773.php
453922461,112,35.0,38.0,20150731,Syria,1,-6.39017122089548,http://www.seattlepi.com/news/world/article/World-Food-Program-cuts-aid-to-Syrian-refugees-in-6416919.php
453955226,106,33.8333,35.8333,20150731,Lebanon,1,-3.88105886411457,http://www.therepublic.com/view/story/54ef216af02f4a0792ea9b4b4384744e/ML--Jordan-Syrian-Refugees
453955227,106,33.8333,35.8333,20150731,Lebanon,1,-3.88774190594738,http://www.ctpost.com/news/world/article/World-Food-Program-cuts-aid-to-Syrian-refugees-in-6416919.php
453922462,177,35.0,38.0,20150731,Syria,1,-6.26663558954783,http://www.seattlepi.com/news/world/article/World-Food-Program-cuts-aid-to-Syrian-refugees-in-6416919.php
453786286,450,25.0,45.0,20150731,Saudi Arabia,1,-1.48775526296525,http://kwqc.com/ap/un-still-waiting-for-274-million-saudis-pledged-for-yemen/
453955229,308,33.8333,35.8333,20150731,Lebanon,1,-3.88105886411457,http://www.ctpost.com/news/world/article/World-Food-Program-cuts-aid-to-Syrian-refugees-in-6416919.php
453786287,450,25.0,45.0,20150731,Saudi Arabia,1,-1.48775526296525,http://kwqc.com/ap/un-still-waiting-for-274-million-saudis-pledged-for-yemen/
453767625,280,25.0,45.0,20150730,Saudi Arabia,1,-1.49294816892296,http://www.myrtlebeachonline.com/news/nation-world/world/article29585068.html
453767624,280,25.0,45.0,20150730,Saudi Arabia,1,-1.49294816892296,http://www.myrtlebeachonline.com/news/nation-world/world/article29585068.html
452920322,110,9.03333,38.7,20150728,"Addis Ababa, (ET10), Ethiopia",4,-3.8223176085963,http://news.yahoo.com/obama-heads-african-union-end-tour-build-ties-094244025.html
452929637,130,8.0,38.0,20150728,Ethiopia,1,-3.71645453145716,http://www.todayonline.com/world/obama-heads-african-union-end-tour-build-ties
449023114,210,46.1956,6.14811,20150714,"Geneva, Genè, Switzerland",4,-3.85041338461094,https://nz.news.yahoo.com/world/a/28795762/saudi-backed-forces-seize-aden-airport-exiled-government/
448183725,132,15.3547,44.2067,20150711,"Sanaa, San‘a', Yemen",4,-3.15494053189433,http://economictimes.indiatimes.com/news/international/world-news/air-strikes-clashes-shake-yemens-un-humanitarian-truce/articleshow/48031861.cms
448049775,160,60.0,-95.0,20150710,Canada,1,-2.8409090909091,http://www.thepeterboroughexaminer.com/2015/07/10/canadian-citizen-or-refugee--a-family-is-a-family
448049776,160,60.0,-95.0,20150710,Canada,1,-2.8409090909091,http://www.thepeterboroughexaminer.com/2015/07/10/canadian-citizen-or-refugee--a-family-is-a-family
438695787,130,25.0,17.0,20150605,Libya,1,3.17975749626846,http://www.aa.com.tr/en/news/525135--un-sends-food-aid-to-eastern-libya-for-first-time-in-2015
445413478,156,35.0,38.0,20150602,Syria,1,-5.25617251755203,http://news.yahoo.com/child-labor-rise-among-syrian-children-crisis-spirals-235518847.html
432770094,744,19.0,39.5,20150513,"Red Sea, Djibouti (general), Djibouti",4,-3.56836555758429,http://thegardenisland.com/news/world/yemen-officials-say-some-ground-fighting-after-cease-fire/article_614bd022-a184-54e3-b0e1-c9b21bfde684.html
432770093,922,14.7978,42.9545,20150513,"Hodeida, Al ?udaydah, Yemen",4,-3.57297395872457,http://thegardenisland.com/news/world/yemen-officials-say-some-ground-fighting-after-cease-fire/article_614bd022-a184-54e3-b0e1-c9b21bfde684.html
432770095,178,14.7978,42.9545,20150513,"Hodeida, Al ?udaydah, Yemen",4,-3.57468113401094,http://thegardenisland.com/news/world/yemen-officials-say-some-ground-fighting-after-cease-fire/article_614bd022-a184-54e3-b0e1-c9b21bfde684.html
432647219,1871,14.7978,42.9545,20150512,"Hodeida, Al ?udaydah, Yemen",4,-4.49347378458425,http://www.scnow.com/news/headlines/article_77d30ee7-d4f6-5685-b31b-892c079107f0.html
432647220,1104,14.7978,42.9545,20150512,"Hodeida, Al ?udaydah, Yemen",4,-4.51288303278039,http://www.scnow.com/news/headlines/article_77d30ee7-d4f6-5685-b31b-892c079107f0.html
432730266,832,19.0,39.5,20150512,"Red Sea, Djibouti (general), Djibouti",4,-4.33101941161579,http://www.hutchnews.com/ap/international/saudi-led-airstrikes-don-t-slow-in-yemen-ahead-of/article_f4aab876-e1ee-58f2-b4af-9d4a5ddc3966.html
431183193,160,28.2812,85.3898,20150506,"Rasuwa, Nepal (general), Nepal",4,-6.55396133461016,http://www.trust.org/item/20150506164746-h2daf/
430247846,661,27.7167,85.3167,20150503,"Kathmandu, Bagmati, Nepal",4,-4.63446113768774,http://www.foxcarolina.com/story/28959253/we-need-help-aid-scarce-in-quake-hit-nepal-villages
430264135,150,27.9167,85.75,20150503,"Sindhupalchok, Nepal (general), Nepal",4,-2.98613207476142,http://hosted2.ap.org/APDEFAULT/3d281c11a96b4ad082fe88aa0db04305/Article_2015-05-02-AS-Nepal-Earthquake/id-b3650344a21d4c1385eceff3d727ce47
430163240,1127,27.7167,85.3167,20150502,"Kathmandu, Bagmati, Nepal",4,-3.94124294212479,http://www.timesunion.com/news/world/article/Aid-still-scarce-in-Nepal-s-remote-villages-as-6237818.php
430151169,582,27.9167,85.75,20150502,"Sindhupalchok, Nepal (general), Nepal",4,-3.06492440703631,http://hosted2.ap.org/CAANR/0260ea4c3e85456b80715585ba3c7b5b/Article_2015-05-02-AS--Nepal-Earthquake/id-e7d892dbe396434996abbcffeda16140
430151168,295,28.0024,84.6201,20150502,"Gorkha, Nepal (general), Nepal",4,-2.86919186101851,http://www.therepublic.com/view/story/138ba4fa800b4903902b0d461b098df9/AS--Nepal-Earthquake
428469348,225,28.0,84.0,20150426,Nepal,1,2.60721391080289,http://wqad.com/2015/04/25/how-to-help-victims-of-the-nepal-earthquake/
419099208,330,-27.0,133.0,20150322,Australia,1,0.169221089070851,http://www.perthnow.com.au/news/breaking-news/australias-vanuatu-support-tops-10m/story-fnhrvfuw-1227273367519?nk=5ce04b4563f043357bc193e25aaa58cc
517093224,220,4.36667,18.5833,20150303,"Bangui, Bangui, Central African Republic",4,-4.57779513851745,http://news.trust.org/item/20160302050244-8u2vr/
411166223,130,12.3703,-1.52472,20150221,"Ouagadougou, Kadiogo, Burkina Faso",4,-3.48412317633921,http://www.dailymail.co.uk/wires/ap/article-2962831/Burkina-Faso-Food-aid-shortage-threatens-HIV-patients.html
335550704,170,6.79223,30.6884,20150206,"Machar, Wilayat al Buhayrat, South Sudan",4,2.66972419087736,http://www.clevelandstar.com/index.php/sid/230049085
335370834,104,8.0,30.0,20150205,South Sudan,1,2.35689523500373,http://www.scoop.co.nz/stories/WO1502/S00078/south-sudan-un-agency-warns-of-catastrophic-food-shortages.htm
327252174,233,31.0,36.0,20141209,Jordan,1,1.52106419392041,http://www.malaysiandigest.com/world/532027-un-resumes-food-aid-for-syrian-refugees.html
327252157,310,35.0,38.0,20141209,Syria,1,1.56001967419471,http://www.staradvertiser.com/news/apnews/international/article/?ID=8487211
327252161,233,31.0,36.0,20141209,Jordan,1,1.52106419392041,http://www.malaysiandigest.com/world/532027-un-resumes-food-aid-for-syrian-refugees.html
327252153,180,35.0,38.0,20141209,Syria,1,1.63254232296306,http://www.staradvertiser.com/news/apnews/international/article/?ID=8487211
327252192,184,31.0,36.0,20141209,Jordan,1,1.48206517888278,http://www.wacotrib.com/news/ap_nation/world/un-resumes-food-aid-for-syrian-refugees/article_a538b695-f018-5520-a48e-97c1d6be69f2.html
327252223,233,31.0,36.0,20141209,Jordan,1,1.52106419392041,http://www.malaysiandigest.com/world/532027-un-resumes-food-aid-for-syrian-refugees.html
327252183,209,31.0,36.0,20141209,Jordan,1,1.5327179118341,http://www.wacotrib.com/news/ap_nation/world/un-resumes-food-aid-for-syrian-refugees/article_a538b695-f018-5520-a48e-97c1d6be69f2.html
327252152,130,27.0,30.0,20141209,Egypt,1,1.459603698977,http://helenair.com/news/world/middle-east/un-resumes-food-vouchers-to-help-syrian-refugees/article_d880763f-0d47-5d86-8608-81b74d295a7c.html
321231247,346,35.0,105.0,20141031,China,1,2.73071111222413,http://www.telegram.com/article/20141031/NEWS/310319509/1052
321231271,300,8.5,-11.5,20141031,Sierra Leone,1,2.72732179186512,http://www.jacksonfreepress.com/news/2014/oct/31/africans-worst-responders-ebola-crisis/
319598411,260,8.33333,-13.0,20141021,"Western Area, Western Area, Sierra Leone",5,1.29682694351075,http://www.dailystar.com.lb/News/World/2014/Oct-22/274886-ebola-cases-surge-in-western-sierra-leone.ashx
319598409,280,8.43333,-10.7667,20141021,"Kailahun, Eastern, Sierra Leone",4,1.19423223187459,http://www.dailyjournal.net/view/story/16099c448d36417d8191bccbb9f8a7ca/AF--West-Africa-Ebola/
318643651,138,34.02,-6.83,20141015,"Rabat, Rabat-Saléemmour-ZaëMO, Morocco",4,3.3044395871426,http://www.thealpenanews.com/page/content.detail/id/647898/USAID-says-Ebola-nations-following-right-approach.html?isap=1&nav=5014
318643648,254,6.31056,-10.8047,20141015,"Monrovia, Montserrado, Liberia",4,3.42609034631066,http://www.bostonherald.com/news_opinion/international/africa/2014/10/guinea_calls_on_retired_doctors_to_fight_ebola
315837064,160,38.8951,-77.0364,20140926,"Washington, District of Columbia, United States",3,3.0169850216043,http://www.news-press.com/longform/news/nation/2014/09/26/hunger-pains-troubled-usaid-food-aid-overseas/16150791/?from=global&sessionKey=&autologin=
315663392,150,6.5,-9.5,20140925,Liberia,1,1.69701639799953,http://www.interaksyon.com/article/96157/ebola-spread-stabilizing-in-guinea-as-toll-nears-3000-who
315663390,136,8.76667,-12.7833,20140925,"Port Loko, Northern, Sierra Leone",4,1.78760767736924,http://uk.reuters.com/article/2014/09/26/us-health-ebola-idUKKCN0HJ1ZP20140926?feedType=RSS&feedName=healthNews&utm_source=feedburner&utm_medium=feed&utm_campaign=Feed%3A+reuters%2FUKHealthNews+%28News+%2F+UK+%2F+Health+News%29
315478831,130,34.45,40.9186,20140924,"Albu Kamal, Dayr az Zawr, Syria",4,1.47198235815794,http://kuer.org/post/new-airstrikes-hit-isis-near-syria-turkey-border
315123543,164,8.49,-13.2342,20140922,"Freetown, Western Area, Sierra Leone",4,3.14085475421785,http://www.observer-reporter.com/article/20140921/NEWS06/140929896
314994213,235,8.49,-13.2342,20140921,"Freetown, Western Area, Sierra Leone",4,3.11537092326574,http://www.dailyherald.com/article/20140921/news/140929747/
310503349,144,9.50917,-13.7122,20140821,"Conakry, Capitale d'Etat-Zone Speciale de Conakry, Guinea",4,1.60958936119297,http://missoulian.com/lifestyles/health-med-fit/liberia-gives-food-in-slum-sealed-to-stop-ebola/article_ac2a7fbe-b7d6-514f-b6f9-7515bae205e9.html
310183672,180,8.5,-11.5,20140819,Sierra Leone,1,1.70010688537143,http://www.vietnamtribune.com/index.php/sid/224888159
310183689,180,8.5,-11.5,20140819,Sierra Leone,1,1.70010688537143,http://www.vietnamtribune.com/index.php/sid/224888159
310183681,169,14.7367,-17.6339,20140819,"Dakar, Dakar, Senegal",4,2.47537315237448,http://www.bostonglobe.com/news/world/2014/08/19/liberia-declares-ebola-curfew-quarantines-slum/Ecc7Ws5868Alm2cq4TribL/story.html
310183682,707,46.1956,6.14811,20140819,"Geneva, Genè, Switzerland",4,2.18440103252562,http://www.sent-trib.com/news/world/liberia-missing-suspected-ebola-patients-found/article_7ae6b1d0-279b-11e4-85a3-0019bb2963f4.html
310183688,139,10.0,8.0,20140819,Nigeria,1,2.7808559980105,http://www.observer-reporter.com/article/20140819/NEWS06/140819442
310032448,180,9.17877,-6.04026,20140818,"Lofa, Côd'Ivoire (general), Cote D'ivoire",4,1.99597397437384,http://www.foxnews.com/health/2014/08/18/struggling-liberia-creates-plague-villages-in-ebola-epicenter/&c=4AmypOJ3zpiozw1oUvQiwN0tqGZ2fQkxhkFDuRU4Qeg&mkt=en-us
309911676,270,9.17877,-6.04026,20140817,"Lofa, Côd'Ivoire (general), Cote D'ivoire",4,1.99853926029173,http://newsdaily.com/2014/08/17/struggling-liberia-creates-plague-villages-in-ebola-epicenter/
309387231,120,33.3386,44.3939,20140813,"Baghdad, Baghdad, Iraq",4,0.730614486966788,http://www.hawaiitelegraph.com/index.php/sid/224721913
306278122,222,31.4167,34.3333,20140722,"Gaza, Israel (general), Israel",4,2.63854626925084,"http://www.chicagotribune.com/news/sns-rt-us-palestinians-israel-un-aid-20140722,0,6048945.story"
307097518,180,10.0,49.0,20140721,Somalia,1,1.55342096636581,http://www.thonline.com/news/national_world/article_76fbea9e-16bc-11e4-9aef-001a4bcf6878.html
307097520,180,4.84597,31.6012,20140721,"Juba, Wilayat Bahr al Jabal, South Sudan",4,1.57206631366951,http://www.thonline.com/news/national_world/article_76fbea9e-16bc-11e4-9aef-001a4bcf6878.html
305864471,320,31.4167,34.3333,20140719,"Gaza, Israel (general), Israel",4,2.06270954704113,http://www.sbs.com.au/news/article/2014/07/19/gaza-toll-333-un-chief-heads-region
305065901,226,35.0,105.0,20140714,China,1,2.08528853677047,http://www.zimbabwestar.com/index.php/sid/223791735/scat/4a6d634cbccbbfe2
305065898,180,32.8072,70.7915,20140714,"Abbas Khan, North-West Frontier, Pakistan",4,2.07844194672356,http://www.omantribune.com/index.php?page=news&id=171307&heading=Pakistan
304202303,276,35.0,105.0,20140708,China,1,1.94283955769226,http://www.zimbabwestar.com/index.php/sid/223611273/scat/4a6d634cbccbbfe2
302117580,380,33.5,36.3,20140621,"Damascus, Dimashq, Syria",4,2.98754613934248,http://www.arkansasonline.com/news/2014/jun/21/un-says-108-million-syrians-need-humanitarian-aid/
301995329,120,36.1926,44.0106,20140620,"Arbil, Liwa' Irbil, Iraq",4,2.51267898067937,http://www.gulf-daily-news.com/NewsDetails.aspx?storyid=379568
301995326,160,36.1926,44.0106,20140620,"Arbil, Liwa' Irbil, Iraq",4,2.46428027463995,http://www.gulf-daily-news.com/NewsDetails.aspx?storyid=379568
299461910,120,43.6667,-79.4167,20140531,"Toronto, Ontario, Canada",4,1.89448314990396,http://www.vancouversun.com/life/Wars+causing+unprecedented+hunger+says+World+Food+Program/9896615/story.html
423911217,270,37.0,127.5,20140409,South Korea,1,-6.31452785646696,http://www.startribune.com/world/299132351.html
291639957,380,15.0,30.0,20140331,Sudan,1,3.37485677658986,http://www.middle-east-online.com/english/?id=65118/RS=%5EADAemK5SJ2UQV4UITQwU6XULoHX6oc-
289945425,124,10.0,32.7,20140318,"Upper Nile, Wilayat A`ali an Nil, South Sudan",5,2.91628556072077,http://www.un.org/apps/news/story.asp?NewsID=47376&Cr=&Cr1=/RS=%5EADAc_hPMoZokwqMKI66jSyAkP44fPs-
289945429,130,10.0,32.7,20140318,"Upper Nile, Wilayat A`ali an Nil, South Sudan",5,2.86331032311739,http://www.un.org/apps/news/story.asp?NewsID=47376&Cr=&Cr1=/RS=%5EADAc_hPMoZokwqMKI66jSyAkP44fPs-
288599372,160,2.06667,45.3667,20140307,"Mogadishu, Banaadir, Somalia",4,4.35778077137696,http://www.newkerala.com/news/2014/fullnews-21446.html/RK=0/RS=xuP63Y9SObzYS9tdpC8JbTw5y_0-
288599374,260,11.15,34.1,20140307,"Blue Nile State, An Nil al Azraq, Sudan",5,1.14654257675195,http://www.voanews.com/content/refugees-in-south-sudan-face-food-health-crisis/1866541.html/RK=0/RS=0ldMvHueI_0Zc2s6rSakltRiqW8-
288599371,260,11.15,34.1,20140307,"Blue Nile State, An Nil al Azraq, Sudan",5,1.14654257675195,http://www.voanews.com/content/refugees-in-south-sudan-face-food-health-crisis/1866541.html/RK=0/RS=0ldMvHueI_0Zc2s6rSakltRiqW8-
287830625,170,-17.0,29.5,20140301,"Mashonaland West, Mashonaland West, Zimbabwe",5,2.45231607629427,http://mg.co.za/article/2014-02-28-00-land-grabs-rattle-farmers//RK=0/RS=sIzxDuAggwrIu_gfC5B3QK.c3hg-
287708794,150,15.0,19.0,20140228,Chad,1,1.83627781939842,http://www.globalpost.com/dispatch/news/thomson-reuters/140228/france-striving-stop-cafrican-republic-split-hollande-says
287708787,170,-17.0,29.5,20140228,"Mashonaland West, Mashonaland West, Zimbabwe",5,2.45231607629427,http://mg.co.za/article/2014-02-28-00-land-grabs-rattle-farmers//RK=0/RS=sEVfR.ApucU4g3yr1fj3AAP71hk-
287708795,150,15.0,19.0,20140228,Chad,1,1.83627781939842,http://www.globalpost.com/dispatch/news/thomson-reuters/140228/france-striving-stop-cafrican-republic-split-hollande-says
287350624,192,33.5,36.3,20140225,"Damascus, Dimashq, Syria",4,3.19523920084437,http://uk.reuters.com/article/2014/02/26/uk-syria-crisis-aid-idUKBREA1O16G20140226?feedType=RSS&feedName=worldNews
285653423,120,15.0,19.0,20140212,Chad,1,2.27676639781875,http://www.freemalaysiatoday.com/category/world/2014/02/13/mass-grave-found-in-central-african-republic-un-warns-of-cleansing/
276410449,140,54.0,-2.0,20131119,United Kingdom,1,1.70583478733985,http://www.scotsman.com/news/world/typhoon-devastated-philippines-rebuild-could-cost-3-6bn-1-3194907
274046988,200,35.0,38.0,20131101,Syria,1,2.56797657921405,http://www.unmultimedia.org/radio/english/?p=212529
274046987,200,35.0,38.0,20131101,Syria,1,2.56797657921405,http://www.unmultimedia.org/radio/english/?p=212529
273424372,120,6.0,12.0,20131028,Cameroon,1,3.96495253534034,http://www.csmonitor.com/Media/Content/2013/1028-texas-abortion-video
266841497,184,35.0,38.0,20130909,Syria,1,1.82453163531341,http://www.npr.org/blogs/health/2013/09/09/219681288/humanitarian-aid-agencies-brace-for-fallout-from-syrian-strikes
265306821,130,36.1926,44.0106,20130830,"Erbil, Liwa' Irbil, Iraq",4,2.44295577068782,http://reliefweb.int/report/iraq/unhcr-and-wfp-chiefs-praise-open-border-policy-syrian-refugees-iraqs-kurdistan-region
249349196,130,46.1956,6.14811,20130215,"Geneva, Genè, Switzerland",4,0.940542835215994,unspecified
227644634,190,36.2028,37.1586,20130108,"Aleppo, ?alab, Syria",4,1.67871485948788,unspecified
227644636,157,34.889,35.8866,20130108,"Tartous, Tartus, Syria",4,0.693133221142033,unspecified
227644635,140,34.889,35.8866,20130108,"Tartous, Tartus, Syria",4,1.63204264716698,unspecified
226638657,120,-17.4609,31.5809,20121224,"Mudzi, Mashonaland East, Zimbabwe",4,2.16363524564838,unspecified
222326754,250,0.0,0.0,20121106,,,1.44671325465605,unspecified
220608165,170,41.0186,28.9647,20121016,"Istanbul, Istanbul, Turkey",4,3.17664561294851,unspecified
218560230,301,15.3547,44.2067,20120924,"Sanaa, San‘a', Yemen",4,6.27762320087586,unspecified
218560228,552,35.0,38.0,20120924,Syria,1,7.35070763706689,unspecified
218560229,350,13.1658,45.3797,20120924,"Abyan, Abyan, Yemen",4,5.69684300204449,unspecified
214273896,175,18.5392,-72.335,20120827,"Port-Au-Prince, Ouest, Haiti",4,2.85702950335939,unspecified
214187224,160,18.5392,-72.335,20120826,"Port-Au-Prince, Ouest, Haiti",4,2.73002791283862,unspecified
212383496,105,11.0167,29.7167,20120805,"Kadugli, Janub Kurdufan, Sudan",4,3.01974037628936,unspecified
212383492,111,39.6178,125.665,20120805,"Anju, P'yongan-namdo, North Korea",4,3.79153499315229,unspecified
212322284,300,37.5664,127.0,20120804,"Seoul, Soul-t'ukpyolsi, South Korea",4,3.58245937862501,unspecified
212322288,330,40.0,127.0,20120804,North Korea,1,3.67223295731824,unspecified
212179696,108,36.2028,37.1586,20120802,"Aleppo, ?alab, Syria",4,3.96960143592052,unspecified
212099551,269,36.2028,37.1586,20120801,"Aleppo, ?alab, Syria",4,4.07499437193094,unspecified
206473380,122,13.0,25.0,20120530,"Darfur, Sudan (general), Sudan",4,8.89044668992666,unspecified
191952557,180,35.0,38.0,20120427,Syria,1,5.0767718316692,unspecified
191596073,135,33.5,36.3,20120424,"Damascus, Dimashq, Syria",4,3.97709939739368,unspecified
191596077,126,31.0,36.0,20120424,Jordan,1,2.54612993348243,unspecified
91039138,276,2.06667,45.3667,20120318,"Mogadishu, Banaadir, Somalia",4,3.97303866613853,unspecified
90961910,735,2.06667,45.3667,20120317,"Mogadishu, Banaadir, Somalia",4,4.01474652138044,unspecified
82851673,753,39.8133,125.804,20111218,"Yongbyon, P'yongan-bukto, North Korea",4,6.11732339066955,unspecified
80609268,110,15.5881,32.5342,20111115,"Khartoum, Al Khartum, Sudan",4,4.91770404065798,unspecified
80523029,118,15.5881,32.5342,20111114,"Khartoum, Al Khartum, Sudan",4,4.95991795194197,unspecified
78707687,129,39.0194,125.755,20111021,"Pyongyang, P'yongyang-si, North Korea",4,6.46656941506694,unspecified
78707689,133,39.0194,125.755,20111021,"Pyongyang, P'yongyang-si, North Korea",4,6.47447405858961,unspecified
76496284,160,24.7623,69.1969,20110921,"Pangrio, Sindh, Pakistan",4,4.50813958868734,unspecified
76496288,160,24.7623,69.1969,20110921,"Pangrio, Sindh, Pakistan",4,4.50813958868734,unspecified
75334368,170,40.0,127.0,20110909,North Korea,1,6.58974931471838,unspecified
75334377,216,40.0,127.0,20110909,North Korea,1,6.59817070011768,unspecified
73225359,157,10.0,49.0,20110817,Somalia,1,5.09419563425427,unspecified
72885865,136,2.06667,45.3667,20110813,"Mogadishu, Banaadir, Somalia",4,5.26439924145388,unspecified
71691799,201,14.8053,39.0994,20110730,"Mai-Aini, Debub, Eritrea",4,3.20456578635826,unspecified
71616320,252,2.06667,45.3667,20110729,"Mogadishu, Banaadir, Somalia",4,3.42990208063271,unspecified
71522942,120,2.06667,45.3667,20110728,"Mogadishu, Banaadir, Somalia",4,5.50513545821175,unspecified
71522939,210,2.06667,45.3667,20110728,"Mogadishu, Banaadir, Somalia",4,6.10608930205951,unspecified
71235507,126,-1.28333,36.8167,20110725,"Nairobi, Nairobi Area, Kenya",4,6.53036527940825,unspecified
71235513,222,10.0,49.0,20110725,Somalia,1,5.37688002564736,unspecified
71023201,132,2.25,41.1667,20110722,"Gedo, Gedo, Somalia",4,5.29433441337954,unspecified
71023198,168,8.56667,39.3333,20110722,"Gedo, Oromiya, Ethiopia",4,4.75134620006684,unspecified
71023181,153,8.56667,39.3333,20110722,"Gedo, Oromiya, Ethiopia",4,4.43387923083636,unspecified
71023185,176,8.56667,39.3333,20110722,"Gedo, Oromiya, Ethiopia",4,4.94517323484565,unspecified
70811664,114,35.3803,72.1751,20110720,"Swat, North-West Frontier, Pakistan",4,6.2793700021412,unspecified
70611993,115,2.06667,45.3667,20110718,"Mogadishu, Banaadir, Somalia",4,5.50467119480439,unspecified
70611990,161,2.06667,45.3667,20110718,"Mogadishu, Banaadir, Somalia",4,5.50467119480439,unspecified
70296130,216,32.8925,13.18,20110714,"Tripoli, Tarabulus, Libya",4,5.08964545019201,unspecified
69974226,119,11.5,43.0,20110711,Djibouti,1,3.96471025071948,unspecified
69893520,364,11.5,43.0,20110710,Djibouti,1,3.90279446674479,unspecified
69893534,364,11.5,43.0,20110710,Djibouti,1,3.90279446674479,unspecified
69893527,364,11.5,43.0,20110710,Djibouti,1,3.90279446674479,unspecified
69647388,180,8.0,38.0,20110707,Ethiopia,1,6.90673748023729,unspecified
69647386,180,8.0,38.0,20110707,Ethiopia,1,6.90673748023729,unspecified
127679965,126,34.5167,69.1833,20110627,"Kabul, Kabol, Afghanistan",4,3.82201683859202,unspecified
127679964,155,33.5508,68.4225,20110627,"Ghazni, Ghazni, Afghanistan",4,2.93336806372964,unspecified
124892329,108,39.0194,125.755,20110524,"Pyongyang, P'yongyang-si, North Korea",4,6.24147236581122,unspecified
124157372,108,10.0,49.0,20110512,Somalia,1,5.28852760324323,unspecified
121991832,240,32.8925,13.18,20110419,"Tripoli, Tarabulus, Libya",4,4.65386502834681,unspecified
121991830,280,32.8925,13.18,20110419,"Tripoli, Tarabulus, Libya",4,4.65386502834681,unspecified
120961312,172,41.9,12.4833,20110408,"Rome, Lazio, Italy",4,3.51349330525616,unspecified
117048499,157,34.0,9.0,20110228,Tunisia,1,4.56722068123281,unspecified
112772566,201,2.1381,45.1212,20110109,"Afgoye, Shabeellaha Hoose, Somalia",4,4.72067668863114,unspecified
111798452,191,34.7573,71.4907,20101226,"Bajaur, Federally Administered Tribal Areas, Pakistan",4,2.1515247346373,unspecified
108526393,356,18.5392,-72.335,20101117,"Port-Au-Prince, Ouest, Haiti",4,6.20569077867698,unspecified
108526391,128,19.7578,-72.2042,20101117,"Cap-Haitien, Nord, Haiti",4,4.77372154779965,unspecified
108439415,443,19.7578,-72.2042,20101116,"Cap-Haitien, Nord, Haiti",4,4.92126737575302,unspecified
107447545,352,39.0194,125.755,20101104,"Pyongyang, P'yongyang-si, North Korea",4,3.87738928281298,unspecified
107333911,154,39.0194,125.755,20101103,"Pyongyang, P'yongyang-si, North Korea",4,3.22239644331811,unspecified
105098901,263,30.0,70.0,20101004,Pakistan,1,3.87549256645493,unspecified
104878442,120,30.4917,71.3028,20101001,"Dadu, Punjab, Pakistan",4,2.57033386562879,unspecified
104878441,166,33.7,73.1667,20101001,"Islamabad, Islamabad, Pakistan",4,2.68961872492727,unspecified
103804170,168,30.0,70.0,20100920,Pakistan,1,6.69185663905309,unspecified
101989502,446,20.0,65.0,20100831,"Arabian Sea, India (general), India",4,2.8592277685983,unspecified
99998298,126,30.0,70.0,20100807,Pakistan,1,6.90409617838882,unspecified
99998300,126,30.0,70.0,20100807,Pakistan,1,6.90409617838882,unspecified
143223624,105,10.0,49.0,20100217,Somalia,1,6.66806625625059,unspecified
143223618,112,10.0,49.0,20100217,Somalia,1,6.6994253227821,unspecified
141761250,154,18.5392,-72.335,20100128,"Port-Au-Prince, Ouest, Haiti",4,6.90471111049951,unspecified
141761247,127,18.5392,-72.335,20100128,"Port-Au-Prince, Ouest, Haiti",4,6.98351810900553,unspecified
141316049,148,18.5392,-72.335,20100122,"Port-Au-Prince, Ouest, Haiti",4,4.45695772807579,unspecified
141064131,330,38.8951,-77.0364,20100119,"Washington, District of Columbia, United States",3,5.63962279488289,unspecified
140981122,215,42.1497,-74.9384,20100118,"New York, United States",2,6.53178985649401,unspecified
140981105,105,18.5803,-72.3381,20100118,"Cite Soleil, Ouest, Haiti",4,6.48816723633405,unspecified
140912832,122,42.1497,-74.9384,20100117,"New York, United States",2,6.42169530149126,unspecified
140793997,114,18.5392,-72.335,20100115,"Port-Au-Prince, Ouest, Haiti",4,5.54231465187815,unspecified
139772386,135,33.7,73.1667,20091231,"Islamabad, Islamabad, Pakistan",4,2.20146014030688,unspecified
136972053,117,8.0,38.0,20091118,Ethiopia,1,5.53217365506298,unspecified
135233153,279,40.0,127.0,20091022,"Democratic Peoples Republic Of Korea, North Korea (general), North Korea",4,10.084785110023,unspecified
134096543,140,33.69,73.0551,20091006,"Islamabad, Islamabad, Pakistan",4,5.38908824284485,unspecified
133573283,524,38.0,-97.0,20090929,United States,1,5.77713378145026,unspecified
133488759,195,13.75,100.517,20090928,"Bangkok, Krung Thep Mahanakhon, Thailand",4,5.74150927280992,unspecified
133488776,574,38.0,-97.0,20090928,United States,1,5.67222019995928,unspecified
173850963,109,13.75,100.517,20080514,"Bangkok, Krung Thep Mahanakhon, Thailand",4,7.13128459126099,unspecified
